<?xml version="1.0" encoding="UTF-8" ?>
<!DOCTYPE mapper PUBLIC "-//mybatis.org//DTD Mapper 3.0//EN" "http://mybatis.org/dtd/mybatis-3-mapper.dtd">
<mapper namespace="com.jsite.modules.file.dao.SysFileDao">
    
	<sql id="sysFileColumns">
		a.id AS "id",
		a.file_tree_id AS "fileTreeId",
		(select name from sys_file_tree where id=a.file_tree_id) AS "fileTreeName",
		a.name AS "name",
		a.save_name AS "saveName",
		a.path AS "path",
		a.file_size AS "fileSize",
		a.create_by AS "createBy.id",
		a.create_date AS "createDate",
		a.update_by AS "updateBy.id",
		a.update_date AS "updateDate",
		a.remarks AS "remarks",
		a.del_flag AS "delFlag"
	</sql>
	
	<sql id="sysFileJoins">
	</sql>
    
	<select id="get" resultType="SysFile">
		SELECT 
			<include refid="sysFileColumns"/>
		FROM sys_file a
		<include refid="sysFileJoins"/>
		WHERE a.id = #{id}
	</select>
	
	<select id="findList" resultType="SysFile">
		SELECT 
			<include refid="sysFileColumns"/>
		FROM sys_file a
		<include refid="sysFileJoins"/>
		<where>
			a.del_flag = #{DEL_FLAG_NORMAL}
			<!-- and create_by= #{createBy.id} -->
			
			<if test="name != null and name != ''">
				AND a.name LIKE 
					<if test="dbName == 'oracle'">'%'||#{name}||'%'</if>
					<if test="dbName == 'mssql'">'%'+#{name}+'%'</if>
					<if test="dbName == 'mysql'">concat('%',#{name},'%')</if>
			</if>
			<if test="fileTreeId != null and fileTreeId != ''">
				AND a.file_tree_id = #{fileTreeId}
			</if>
		</where>
		<choose>
			<when test="page !=null and page.orderBy != null and page.orderBy != ''">
				ORDER BY ${page.orderBy}
			</when>
			<otherwise>
				ORDER BY a.update_date DESC
			</otherwise>
		</choose>
	</select>
	
	<select id="findAllList" resultType="SysFile">
		SELECT 
			<include refid="sysFileColumns"/>
		FROM sys_file a
		<include refid="sysFileJoins"/>
		<where>
			a.del_flag = #{DEL_FLAG_NORMAL}
		</where>		
		<choose>
			<when test="page !=null and page.orderBy != null and page.orderBy != ''">
				ORDER BY ${page.orderBy}
			</when>
			<otherwise>
				ORDER BY a.update_date DESC
			</otherwise>
		</choose>
	</select>
	
	<insert id="insert">
		INSERT INTO sys_file(
			id,
			file_tree_id,
			name,
			path,
			save_name,
			file_size,
			create_by,
			create_date,
			update_by,
			update_date,
			remarks,
			del_flag
		) VALUES (
			#{id},
			#{fileTreeId},
			#{name},
			#{path},
			#{saveName},
			#{fileSize},
			#{createBy.id},
			#{createDate},
			#{updateBy.id},
			#{updateDate},
			#{remarks},
			#{delFlag}
		)
	</insert>
	
	<update id="update">
		UPDATE sys_file SET 	
			file_tree_id = #{fileTreeId},
			name = #{name},
			path = #{path},
			update_by = #{updateBy.id},
			update_date = #{updateDate},
			remarks = #{remarks}
		WHERE id = #{id}
	</update>
	
	<update id="delete">
		UPDATE sys_file SET 
			del_flag = #{DEL_FLAG_DELETE}
		WHERE id = #{id}
	</update>
	
</mapper>