<?xml version="1.0" encoding="UTF-8" ?>
<!DOCTYPE mapper PUBLIC "-//mybatis.org//DTD Mapper 3.0//EN" "http://mybatis.org/dtd/mybatis-3-mapper.dtd">
<mapper namespace="com.jsite.modules.sys.dao.AreaDao">
    
	<sql id="areaColumns">
		a.id,
		a.parent_id AS "parent.id",
		a.parent_ids,
		a.code,
		a.name,
		a.sort,
		a.type,
		a.tree_leaf AS "treeLeaf",
		a.tree_level AS "treeLevel",
		a.remarks,
		a.create_by AS "createBy.id",
		a.create_date,
		a.update_by AS "updateBy.id",
		a.update_date,
		a.del_flag,
		p.name AS "parent.name"
	</sql>
	
	<sql id="areaJoins">
		LEFT JOIN sys_area p ON p.id = a.parent_id
    </sql>
    
	<select id="get" resultType="Area">
		SELECT
			<include refid="areaColumns"/>
		FROM sys_area a
		<include refid="areaJoins"/>
		WHERE a.id = #{id}
	</select>
	
	<select id="findList" resultType="Area">
		SELECT
			<include refid="areaColumns"/>
		FROM sys_area a
		<include refid="areaJoins"/>
		<!-- 数据范围过滤 -->
		<!-- ${sqlMap.dsf} -->
		<where>
			a.del_flag = #{DEL_FLAG_NORMAL}
			<!-- OR a.id = #{currentUser.office.area.id} -->
			<if test="name != null and name != ''">
				AND a.name LIKE 
					<if test="dbName == 'oracle'">'%'||#{name}||'%'</if>
					<if test="dbName == 'mssql'">'%'+#{name}+'%'</if>
					<if test="dbName == 'mysql'">concat('%',#{name},'%')</if>
			</if>
			<if test="parent != null and parent.id != null and parent.id != ''">
				AND a.parent_id LIKE #{parent.id}
			</if>
		</where>
		<choose>
			<when test="page !=null and page.orderBy != null and page.orderBy != ''">
				ORDER BY ${page.orderBy}
			</when>
			<otherwise>
				ORDER BY a.tree_level ASC
			</otherwise>
		</choose>
	</select>
	
	<select id="findAllList" resultType="Area">
		SELECT
			<include refid="areaColumns"/>
		FROM sys_area a
		<include refid="areaJoins"/>
		WHERE a.del_flag = #{DEL_FLAG_NORMAL}
		ORDER BY a.sort ASC
	</select>
	
	<select id="findByParentIdsLike" resultType="Area">
		SELECT
			a.id,
			a.parent_id AS "parent.id",
			a.parent_ids
		FROM sys_area a
		
		<where>
			a.del_flag = #{DEL_FLAG_NORMAL}
			<!-- OR a.id = #{currentUser.office.area.id} -->
			<if test="name != null and name != ''">
				 AND a.parent_ids LIKE
					<if test="dbName == 'oracle'">'%'||#{parentIds}||'%'</if>
					<if test="dbName == 'mssql'">'%'+#{parentIds}+'%'</if>
					<if test="dbName == 'mysql'">concat('%',#{parentIds},'%')</if>
			</if>
		</where>
		<choose>
			<when test="page !=null and page.orderBy != null and page.orderBy != ''">
				ORDER BY ${page.orderBy}
			</when>
			<otherwise>
				ORDER BY a.sort ASC
			</otherwise>
		</choose>
	</select>
	
	<insert id="insert">
		INSERT INTO sys_area(
			id, 
			parent_id, 
			parent_ids, 
			code, 
			name, 
			sort,
			type,
			tree_leaf,
			tree_level, 
			create_by, 
			create_date, 
			update_by, 
			update_date, 
			remarks, 
			del_flag
		) VALUES (
			#{id}, 
			#{parent.id}, 
			#{parentIds}, 
			#{code}, 
			#{name}, 
			#{sort}, 
			#{type}, 
			#{treeLeaf},
			#{treeLevel}, 
			#{createBy.id}, 
			#{createDate}, 
			#{updateBy.id}, 
			#{updateDate}, 
			#{remarks}, 
			#{delFlag}
		)
	</insert>
	
	<update id="update">
		UPDATE sys_area SET 
			parent_id = #{parent.id}, 
			parent_ids = #{parentIds}, 
			code = #{code}, 
			name = #{name}, 
			sort = #{sort}, 
			type = #{type}, 
			tree_leaf = #{treeLeaf},
			tree_level = #{treeLevel},
			update_by = #{updateBy.id}, 
			update_date = #{updateDate}, 
			remarks = #{remarks}
		WHERE id = #{id}
	</update>
	
	<update id="updateParentIds">
		UPDATE sys_area SET 
			parent_id = #{parent.id}, 
			parent_ids = #{parentIds}
		WHERE id = #{id}
	</update>
	
	<update id="delete">
		UPDATE sys_area SET 
			del_flag = #{DEL_FLAG_DELETE}
		WHERE id = #{id} OR parent_ids LIKE 
					<if test="dbName == 'oracle'">'%,'||#{id}||',%'</if>
					<if test="dbName == 'mssql'">'%,'+#{id}+',%'</if>
					<if test="dbName == 'mysql'">CONCAT('%,', #{id}, ',%')</if>
	</update>
	
</mapper>