{"pageNo":"1","list":
	[{"Id":"136","DataType":"sss","KeyWords":"ss","DoTime":"2010-05-28 16:47:29","DataCount":1119,"SiteCount":null},
	{"Id":"1352","DataType":"dd","KeyWords":{"a":"d"},"DoTime":"2010-05-28 14:08:25","DataCount":910,"SiteCount":null},
	{"Id":"1353","DataType":"dd","KeyWords":"d","DoTime":"2010-05-28 14:08:25","DataCount":910,"SiteCount":null},
	{"Id":"1354","DataType":"dd","KeyWords":"d","DoTime":"2010-05-28 14:08:25","DataCount":910,"SiteCount":null},
	{"Id":"1355","DataType":"dd","KeyWords":"d","DoTime":"2010-05-28 14:08:25","DataCount":910,"SiteCount":null},
	{"Id":"1356","DataType":"dd","KeyWords":"d","DoTime":"2010-05-28 14:08:25","DataCount":910,"SiteCount":null},
	{"Id":"1357","DataType":"dd","KeyWords":"d","DoTime":"2010-05-28 14:08:25","DataCount":910,"SiteCount":null},
	{"Id":"1358","DataType":"dd","KeyWords":"d","DoTime":"2010-05-28 14:08:25","DataCount":910,"SiteCount":null},
	{"Id":"1359","DataType":"dd","KeyWords":"d","DoTime":"2010-05-28 14:08:25","DataCount":910,"SiteCount":null},
	{"Id":"135","DataType":"dd","KeyWords":"d","DoTime":"2010-05-28 14:08:25","DataCount":910,"SiteCount":null},
	{"Id":"135","DataType":"dd","KeyWords":"d","DoTime":"2010-05-28 14:08:25","DataCount":910,"SiteCount":null},
	{"Id":"135","DataType":"dd","KeyWords":"d","DoTime":"2010-05-28 14:08:25","DataCount":910,"SiteCount":null},
	{"Id":"135","DataType":"dd","KeyWords":"d","DoTime":"2010-05-28 14:08:25","DataCount":910,"SiteCount":null},
	{"Id":"135","DataType":"dd","KeyWords":"d","DoTime":"2010-05-28 14:08:25","DataCount":910,"SiteCount":null},
	{"Id":"135","DataType":"dd","KeyWords":"d","DoTime":"2010-05-28 14:08:25","DataCount":910,"SiteCount":null},
	{"Id":"135","DataType":"dd","KeyWords":"d","DoTime":"2010-05-28 14:08:25","DataCount":910,"SiteCount":null},
	{"Id":"135","DataType":"dd","KeyWords":"d","DoTime":"2010-05-28 14:08:25","DataCount":910,"SiteCount":null},
	{"Id":"135","DataType":"dd","KeyWords":"d","DoTime":"2010-05-28 14:08:25","DataCount":910,"SiteCount":null},
	{"Id":"135","DataType":"dd","KeyWords":"d","DoTime":"2010-05-28 14:08:25","DataCount":910,"SiteCount":null},
	{"Id":"135","DataType":"dd","KeyWords":"d","DoTime":"2010-05-28 14:08:25","DataCount":910,"SiteCount":null},
	{"Id":"135","DataType":"dd","KeyWords":"d","DoTime":"2010-05-28 14:08:25","DataCount":910,"SiteCount":null},
	{"Id":"135","DataType":"dd","KeyWords":"d","DoTime":"2010-05-28 14:08:25","DataCount":910,"SiteCount":null},
	{"Id":"135","DataType":"dd","KeyWords":"d","DoTime":"2010-05-28 14:08:25","DataCount":910,"SiteCount":null},
	{"Id":"135","DataType":"dd","KeyWords":"d","DoTime":"2010-05-28 14:08:25","DataCount":910,"SiteCount":null},
	{"Id":"135","DataType":"dd","KeyWords":"d","DoTime":"2010-05-28 14:08:25","DataCount":910,"SiteCount":null},
	{"Id":"135","DataType":"dd","KeyWords":"d","DoTime":"2010-05-28 14:08:25","DataCount":910,"SiteCount":null},
	{"Id":"135","DataType":"dd","KeyWords":"d","DoTime":"2010-05-28 14:08:25","DataCount":910,"SiteCount":null},
	{"Id":"135","DataType":"dd","KeyWords":"d","DoTime":"2010-05-28 14:08:25","DataCount":910,"SiteCount":null},
	{"Id":"135","DataType":"dd","KeyWords":"d","DoTime":"2010-05-28 14:08:25","DataCount":910,"SiteCount":null},
	{"Id":"135","DataType":"dd","KeyWords":"d","DoTime":"2010-05-28 14:08:25","DataCount":910,"SiteCount":null},
	{"Id":"135","DataType":"dd","KeyWords":"d","DoTime":"2010-05-28 14:08:25","DataCount":910,"SiteCount":null},
	{"Id":"135","DataType":"dd","KeyWords":"d","DoTime":"2010-05-28 14:08:25","DataCount":910,"SiteCount":null},
	{"Id":"135","DataType":"dd","KeyWords":"d","DoTime":"2010-05-28 14:08:25","DataCount":910,"SiteCount":null},
	{"Id":"135","DataType":"dd","KeyWords":"d","DoTime":"2010-05-28 14:08:25","DataCount":910,"SiteCount":null},
	{"Id":"135","DataType":"dd","KeyWords":"d","DoTime":"2010-05-28 14:08:25","DataCount":910,"SiteCount":null},
	{"Id":"135","DataType":"dd","KeyWords":"d","DoTime":"2010-05-28 14:08:25","DataCount":910,"SiteCount":null},
	{"Id":"135","DataType":"dd","KeyWords":"d","DoTime":"2010-05-28 14:08:25","DataCount":910,"SiteCount":null},
	{"Id":"135","DataType":"dd","KeyWords":"d","DoTime":"2010-05-28 14:08:25","DataCount":910,"SiteCount":null},
	{"Id":"135","DataType":"dd","KeyWords":"d","DoTime":"2010-05-28 14:08:25","DataCount":910,"SiteCount":null},
	{"Id":"135","DataType":"dd","KeyWords":"d","DoTime":"2010-05-28 14:08:25","DataCount":910,"SiteCount":null},
	{"Id":"135","DataType":"dd","KeyWords":"d","DoTime":"2010-05-28 14:08:25","DataCount":910,"SiteCount":null},
	{"Id":"135","DataType":"dd","KeyWords":"d","DoTime":"2010-05-28 14:08:25","DataCount":910,"SiteCount":null},
	{"Id":"135","DataType":"dd","KeyWords":"d","DoTime":"2010-05-28 14:08:25","DataCount":910,"SiteCount":null},
	{"Id":"135","DataType":"dd","KeyWords":"d","DoTime":"2010-05-28 14:08:25","DataCount":910,"SiteCount":null},
	{"Id":"135","DataType":"dd","KeyWords":"d","DoTime":"2010-05-28 14:08:25","DataCount":910,"SiteCount":null},
	{"Id":"135","DataType":"dd","KeyWords":"d","DoTime":"2010-05-28 14:08:25","DataCount":910,"SiteCount":null},
	{"Id":"135","DataType":"dd","KeyWords":"d","DoTime":"2010-05-28 14:08:25","DataCount":910,"SiteCount":null},
	{"Id":"135","DataType":"dd","KeyWords":"d","DoTime":"2010-05-28 14:08:25","DataCount":910,"SiteCount":null},
	{"Id":"135","DataType":"dd","KeyWords":"d","DoTime":"2010-05-28 14:08:25","DataCount":910,"SiteCount":null},
	{"Id":"135","DataType":"dd","KeyWords":"d","DoTime":"2010-05-28 14:08:25","DataCount":910,"SiteCount":null},
	{"Id":"135","DataType":"dd","KeyWords":"d","DoTime":"2010-05-28 14:08:25","DataCount":910,"SiteCount":null},
	{"Id":"135","DataType":"dd","KeyWords":"d","DoTime":"2010-05-28 14:08:25","DataCount":910,"SiteCount":null},
	{"Id":"135","DataType":"dd","KeyWords":"d","DoTime":"2010-05-28 14:08:25","DataCount":910,"SiteCount":null},
	{"Id":"135","DataType":"dd","KeyWords":"d","DoTime":"2010-05-28 14:08:25","DataCount":910,"SiteCount":null},
	{"Id":"135","DataType":"dd","KeyWords":"d","DoTime":"2010-05-28 14:08:25","DataCount":910,"SiteCount":null},
	{"Id":"135","DataType":"dd","KeyWords":"d","DoTime":"2010-05-28 14:08:25","DataCount":910,"SiteCount":null},
	{"Id":"135","DataType":"dd","KeyWords":"d","DoTime":"2010-05-28 14:08:25","DataCount":910,"SiteCount":null},
	{"Id":"135","DataType":"dd","KeyWords":"d","DoTime":"2010-05-28 14:08:25","DataCount":910,"SiteCount":null},
	{"Id":"135","DataType":"dd","KeyWords":"d","DoTime":"2010-05-28 14:08:25","DataCount":910,"SiteCount":null},
	{"Id":"135","DataType":"dd","KeyWords":"d","DoTime":"2010-05-28 14:08:25","DataCount":910,"SiteCount":null},
	{"Id":"135","DataType":"dd","KeyWords":"d","DoTime":"2010-05-28 14:08:25","DataCount":910,"SiteCount":null},
	{"Id":"135","DataType":"dd","KeyWords":"d","DoTime":"2010-05-28 14:08:25","DataCount":910,"SiteCount":null},
	{"Id":"3232323","DataType":"dd","KeyWords":"d","DoTime":"2010-05-28 14:08:25","DataCount":910,"SiteCount":null},
	{"Id":"135","DataType":"dd","KeyWords":"d","DoTime":"2010-05-28 14:08:25","DataCount":910,"SiteCount":null},
	{"Id":"135","DataType":"dd","KeyWords":"d","DoTime":"2010-05-28 14:08:25","DataCount":910,"SiteCount":null},
	{"Id":"135","DataType":"dd","KeyWords":"d","DoTime":"2010-05-28 14:08:25","DataCount":910,"SiteCount":null},
	{"Id":"135","DataType":"dd","KeyWords":"d","DoTime":"2010-05-28 14:08:25","DataCount":910,"SiteCount":null},
	{"Id":"135","DataType":"dd","KeyWords":"d","DoTime":"2010-05-28 14:08:25","DataCount":910,"SiteCount":null},
	{"Id":"13225","DataType":"dd","KeyWords":"d","DoTime":"2010-05-28 14:08:25","DataCount":910,"SiteCount":null}],
"totalPage":700, "count":332,
"userdata":{"KeyWords":3220,"DataCount":342,"SiteCount":3564,"DataType":"合计:"}
}